filename,emotion,duration_seconds,text,speaker_id,split
s_001_1.wav,sad,1.86,"Якщо в тебе щось не виходить,",166,train
s_002_1.wav,sad,1.54,Але я тебе ніколи не бачила.,107,test
s_003_0.wav,sad,1.72,Якраз для дівчаток. Тримай.,58,train
s_004_1.wav,sad,2.08,Я цих 700 грн ділила на 30 днів.,37,train
s_005_1.wav,sad,1.54,Нічого не відчуваю.,176,train
s_006_1.wav,sad,1.92,З дитиною він не грався.,85,test
s_007_0.wav,sad,1.1,Тато з ким спілкуєшся?,58,train
s_008_1.wav,sad,3.0,Я би не змогла відправити сина жити окремо.,177,train
s_009_0.wav,sad,1.56,Вони з татом не спілкувалися.,58,train
s_010_1.wav,sad,0.9,"Я не вірю, щоб",237,train
s_011_1.wav,sad,1.75,"А я вважаю, що я зробила себе сама.",183,train
s_012_1.wav,sad,1.77,"Я кажу, відвези мене додому.",43,train
s_013_1.wav,sad,1.79,Вона через 10-15 хвилин.,151,train
s_014_1.wav,sad,1.65,Якби просто поруч не чоловік.,31,test
s_015_1.wav,sad,2.36,Я не уявляю свого життя без нього.,130,test
s_016_1.wav,sad,1.97,Шок був дуже сильний.,166,train
s_017_1.wav,sad,1.15,Це важко було?,221,train
s_018_1.wav,sad,1.92,Це важко було без вікна.,221,train
s_019_1.wav,sad,1.48,"Зробиш мені, будь ласка, чайчик.",142,train
s_020_0.wav,sad,1.62,"Нема слів, просто чесно.",58,train
s_021_1.wav,sad,3.06,лікарі заборонили нам пів року пробувати.,130,test
s_022_1.wav,sad,2.16,Я вже трішечки прийшла в себе.,130,test
s_023_1.wav,sad,2.19,Як вдалося вам її зберегти?,227,train
s_024_1.wav,sad,2.43,Але кохання не було в мене ніколи до нього.,37,train
s_025_1.wav,sad,2.55,Він і почав жбурляти їх в мене.,212,train
s_026_0.wav,sad,1.67,Я допомагав трішечки зовсім.,289,train
s_027_1.wav,sad,1.55,самостійне життя.,128,train
s_028_1.wav,sad,3.07,"Гіршого дня і в мене ще й не було, мабуть, в житті.",41,train
s_029_1.wav,sad,1.74,Не просто рибку з'їсти.,372,train
s_030_1.wav,sad,2.65,"не обійме мене, вона більше не поцілує мене.",44,train
s_031_1.wav,sad,1.79,Я дуже багато плакала.,105,train
s_032_1.wav,sad,0.96,Ну не було його.,105,train
s_033_1.wav,sad,2.72,"Я дуже багато плакала, дуже боляче.",105,train
s_034_1.wav,sad,1.97,Не відчувала себе потрібною рідним.,17,train
s_035_1.wav,sad,2.36,вона не відчувала себе потрібною рідним.,17,train
s_036_1.wav,sad,2.35,В мене аж слів немає до сих пір.,355,train
s_037_1.wav,sad,1.92,"Ну, каже, а що ти тут робиш? Ти дурна?",127,train
s_038_1.wav,sad,2.31,Та ніхто просто цьому не підтримав.,83,train
s_039_1.wav,sad,1.25,Мені дуже стидно було.,134,train
s_040_1.wav,sad,2.21,"поясняти лікарю, що маму хочуть виписати.",177,train
s_041_1.wav,sad,1.74,Я приходила у велику фарму.,184,train
s_042_1.wav,sad,1.52,роди дуже важкі були.,25,train
s_043_1.wav,sad,2.18,"Так як в мене були дуже важкі пологи,",127,train
s_044_1.wav,sad,1.6,І буду робити ще більше.,189,train
s_045_1.wav,sad,2.09,Відношення до мене не дуже добре.,174,train
s_046_1.wav,sad,1.41,"Можливо, ти завтра ще?",61,train
s_047_1.wav,sad,1.64,Він дуже хороший батько.,174,train
s_048_1.wav,sad,2.47,Просто не вистачало поспілкуватися з людиною.,250,train
s_049_1.wav,sad,2.63,"Бо мені причулось, що Карпачов мені 10 балів би дав.",313,train
s_050_1.wav,sad,2.46,"Ну, просто найкращий чоловік, якого я просто знаю.",45,train
s_051_1.wav,sad,1.66,Він прожив три дні і,114,test
s_052_1.wav,sad,3.27,"Він прожив три дні, і в нього стався",114,test
s_053_1.wav,sad,1.72,Вони навіть на них наводяться швидко.,147,train
s_054_0.wav,sad,2.41,Не може бути дитині 29 років?,193,train
s_055_1.wav,sad,2.19,"Ну, мабуть, тим, що",96,train
s_056_1.wav,sad,1.54,Я не хочу піти.,20,train
s_057_1.wav,sad,1.79,Коли в мене було вже тридцять дітей.,134,train
s_058_1.wav,sad,2.3,Я розлучилася зі своїм першим чоловіком.,134,train
s_059_1.wav,sad,2.08,Я настільки ненавиділа їхню матір.,191,train
s_060_1.wav,sad,2.56,"Ну, я пам'ятаю, він просто лежить і тримається за голову.",50,train
s_061_1.wav,sad,1.66,"кажу, пап, що в тебе сталось?",50,train
s_062_1.wav,sad,2.13,"Мене мама била в дитинстві, причому досить сильно.",44,train
s_063_1.wav,sad,3.07,"Я не вважаю, що це мені за щось там віддається.",177,train
s_064_1.wav,sad,2.85,"Я чула тільки кохана, зайчик, люблю, цьомки.",18,train
s_065_1.wav,sad,1.79,біг мама заступалася за тебе.,40,train
s_066_1.wav,sad,2.43,тої тоже мала бути.,114,test
s_067_1.wav,sad,1.54,"Дякую за те, що ти мене лікував.",96,train
s_068_1.wav,sad,1.74,Я просто пам'ятаю це.,28,test
s_069_1.wav,sad,2.58,"Мама мені не повірила, сказала, що я",28,test
s_070_1.wav,sad,1.67,Взагалі незрозуміло цього жесту.,89,train
s_071_1.wav,sad,3.17,"Я думаю, що я під загрозою покинути проект.",89,train
s_072_1.wav,sad,2.36,"Та, блін, мене просто кумарить той серш.",109,train
s_073_1.wav,sad,0.52,Блядь!,109,train
s_074_0.wav,sad,1.42,"справді, я не зрозумів.",188,train
s_075_1.wav,sad,2.1,У мене кожен раз збільшувалась тривога.,89,train
s_076_1.wav,sad,1.11,"наче, я не щира.",89,train
s_077_1.wav,sad,2.6,просто і почали литись сльози.,142,train
s_078_1.wav,sad,1.91,Почали лити сльози?,142,train
s_079_1.wav,sad,3.54,"Я хочу себе врятувати. Я не очікувала, що так буває.",181,train
s_080_1.wav,sad,2.55,"Я шукаю причини, чому мене немає в TikTok.",146,train
s_081_1.wav,sad,3.26,Я просто хочу якогось ставлення нормального.,40,train
s_082_1.wav,sad,3.73,"Я відчувала страх того, що я можу поїхати додому.",230,train
s_083_1.wav,sad,2.72,"І так, без того тривожно через сьогоднішній день,",230,train
s_084_1.wav,sad,2.69,"Наболіли, вони в мене отут вже сидять.",154,train
s_085_1.wav,sad,2.62,"Обстріл був, до наші три рятувальника загинуло.",46,train
s_086_1.wav,sad,1.79,"Ми не поняли, як і де воно буде.",5,train
s_087_1.wav,sad,3.61,"Ми не поняли друг друга, хоча я думала, що в нас класний буде коннект.",5,train
s_088_1.wav,sad,2.56,"але, на жаль, так вийшло, що наразі",161,train
s_089_1.wav,sad,2.78,Я залишаю свій біль та образу на колишнього.,68,train
s_090_1.wav,sad,3.07,"Я дуже сподіваюсь, що з часом це мене відпустить.",68,train
s_091_1.wav,sad,2.79,Тарас мене не кликав до себе.,68,train
s_092_1.wav,sad,3.21,"Я просто в шоці, бо я не очікувала такого повороту.",11,train
s_093_1.wav,sad,2.94,"Я закінчила розмову, я була зла.",97,test
s_094_1.wav,sad,2.9,"Я не могла навіть, ну, додати щось до розмови.",44,train
s_095_1.wav,sad,1.0,Щось у моєму житті.,63,train
s_096_1.wav,sad,2.53,В мене не було підтримки ні з чиєї сторони.,117,train
s_097_1.wav,sad,2.72,"Ну, він і так це відчував, але просто, можливо, не хотів сприймати.",50,train
s_098_0.wav,sad,0.89,"Боже мій, було.",104,test
s_099_0.wav,sad,1.84,Я два тижні вже трохи відходжу від всього.,16,train
s_100_0.wav,sad,3.71,"Наче відкрилась для мене з іншої сторони, вона відкрилась жорстокою.",92,train
s_101_0.wav,sad,1.94,"Я думав, що в нас все вийде і",92,train
s_102_0.wav,sad,3.31,"Коли ми проходили випробування, я думав, що в нас все вийде і.",92,train
s_103_0.wav,sad,2.51,Але вчорашній вечір показав зовсім інше.,92,train
s_104_1.wav,sad,2.82,Але все ж таки він залишався вірним.,179,train
s_105_1.wav,sad,2.58,І хоча би спробувати з ним порозумітися.,33,train
s_106_1.wav,sad,3.49,"Ти знаєш, що я хочу з тобою бути з одним і назавжди.",33,train
s_107_1.wav,sad,4.47,"Я не хотіла би думати навіть про те, що я не зможу тобі тебе обійняти.",33,train
s_108_1.wav,sad,2.52,що я не зможу тобі тебе обійняти.,33,train
s_109_1.wav,sad,3.29,"Не пройдусь з тобою за руку, не буду цілуватись під дощем.",33,train
s_110_1.wav,sad,1.41,Не пройдусь з тобою знов.,33,train
s_111_1.wav,sad,1.86,не буду цілуватись під дощем.,33,train
s_112_0.wav,sad,2.02,Чому ви не написали відмову?,4,train
s_113_0.wav,sad,1.3,Мені було самому складно.,380,train
s_114_0.wav,sad,2.78,"І поки я слухаю, я дійсно співпереживаю.",98,train
s_115_0.wav,sad,4.93,"Для неї це болюча тема, і точно і поки я слухав, я дійсно співпереживав їй.",98,train
s_116_0.wav,sad,3.05,"Очевидно, що мені їх ніхто ніколи не дав би і не давав.",98,train
s_117_1.wav,sad,1.37,Лише тебе чекала.,11,train
s_118_1.wav,sad,2.53,"Ну, і він це, може, відчути як, е-е,",29,train
s_119_1.wav,sad,2.57,"Там була така атмосфера, коли залишились дві-три няні.",141,test
s_120_0.wav,sad,2.8,"Коли ти мене обіймала, ти відчула щось ніби?",98,train
s_121_1.wav,sad,2.68,Тому поки про це навіть не думаю.,141,test
s_122_1.wav,sad,3.7,я поки що не готова. Тому поки про це навіть не думаю.,141,test
s_123_1.wav,sad,1.97,Просто в мене не виходило вступати в тащі.,99,train
s_124_1.wav,sad,2.3,"Золота, золота.",157,train
s_125_0.wav,sad,2.3,Це просто жах.,138,train
s_126_1.wav,sad,4.52,"В мене така проблема, я розумію, що за останній рік стало ще в тисячу разів гірше.",21,train
s_127_1.wav,sad,2.9,Я просто лежу і мене все трясе. За що?,21,train
s_128_1.wav,sad,3.59,"Я розумію, що за останній рік стало ще в тисячу разів гірше.",21,train
s_129_1.wav,sad,2.5,Мені дуже обідно. Мені дуже неприємно.,21,train
s_130_1.wav,sad,2.5,просто не заслужила цього всього від нього.,21,train
s_131_1.wav,sad,2.1,Хоче я хотіла до нього підступитися.,21,train
s_132_1.wav,sad,1.93,"Поговорити, вирішити.",21,train
s_133_1.wav,sad,3.8,"Я так цю проблему, а, речі, які",21,train
s_134_1.wav,sad,2.2,Я ж йому нічого поганого не зробила.,21,train
s_135_1.wav,sad,1.79,Я просто захотіла випити.,21,train
s_136_1.wav,sad,1.2,Мені важко було.,343,train
s_137_1.wav,sad,2.16,"Він знав, що це не боліло ще.",21,train
s_138_1.wav,sad,2.0,"Я сама справлюся, не не допоможу.",21,train
s_139_1.wav,sad,1.32,В мене братик є.,21,train
s_140_1.wav,sad,3.9,Я мушу зараз про цю проблему говорити на всю Україну.,21,train
s_141_1.wav,sad,1.5,Хоча лікарі не радили.,162,train
s_142_1.wav,sad,2.96,"це те, що все минулося, і цей страшний сон.",21,train
s_143_1.wav,sad,2.1,"все добре, це плацентарний кровообіг.",21,train
s_144_1.wav,sad,1.46,Зінну народите здорову.,21,train
s_145_1.wav,sad,3.47,"Вагітність - це єдиний механізм, запущений в твоєму організмі.",21,train
s_146_1.wav,sad,1.65,"По, по здоров'ю, по імунітету.",21,train
s_147_1.wav,sad,1.6,Я народила здорового хлопчика.,21,train
s_148_1.wav,sad,2.3,Як у вас стосунки з батьками чи чоловіком?,21,train
s_149_1.wav,sad,3.3,мені вклалася в голові надовго.,21,train
s_150_1.wav,sad,3.64,"Бачу, тато на барі замовляє вже коньяк.",21,train
s_151_1.wav,sad,2.25,Я дуже сильно ревнувала до сестри.,21,train
s_152_1.wav,sad,2.89,не не кричіть. І я завжди маму питала.,21,train
s_153_1.wav,sad,3.38,"Я таке враження, бо я не ваша дитина. Ви то мене сварите, дивіться.",21,train
s_154_1.wav,sad,3.25,"І я просто жалію, що мені не сказали раніше.",21,train
s_155_1.wav,sad,2.22,"хочеш, щоб він знав, що я його люблю.",220,test
s_156_1.wav,sad,2.64,тато на барі замовляє вже коньяк.,21,train
s_157_1.wav,sad,2.68,"Мені мама 15 років не казала, що…",162,train
s_158_1.wav,sad,3.42,"Це не мій тато, але він для мене є тато.",192,train
s_159_1.wav,sad,2.93,"Я йому ще в той вечір сказала, що",21,train
s_160_1.wav,sad,3.21,"що я його сильно люблю, але я бачу просто, що",21,train
s_161_1.wav,sad,2.37,Я втратила дуже багато часу.,21,train
s_162_1.wav,sad,2.12,коли я відчувала.,75,train
s_163_0.wav,sad,1.6,"Сказати, що все буду окей?",10,test
s_164_0.wav,sad,2.5,"Але, в ті моменти в тебе тоже думки такі",10,test
s_165_0.wav,sad,1.9,в той період дуже складно було,10,test
s_166_0.wav,sad,3.1,"І, ми два тижні штори блекаут.",10,test
s_167_0.wav,sad,2.7,"Наталя просто в істериці, постійно волає.",10,test
s_168_0.wav,sad,1.7,Просто в істериці постійно була.,238,train
s_169_0.wav,sad,1.5,Плакала нонстопом,358,train
s_170_0.wav,sad,3.0,"Плакала, нонстопом. Я розумію, що тоді треба триматися",10,test
s_171_0.wav,sad,1.98,в моменті просто вух,246,train
s_172_0.wav,sad,2.05,"Тобто, десь всі ці архіви є.",10,test
s_173_0.wav,sad,2.82,"чекапи, слухали як вже б'ється серце",10,test
s_174_0.wav,sad,2.74,"апарат, щоб слухати. Ну, це було дуже мило. Ти",10,test
s_175_0.wav,sad,2.65,"Ну, це було дуже мило. Ти розказуєш.",10,test
s_176_0.wav,sad,3.8,"Наталі поділилася, що вона вагітна, дуже цікавий.",10,test
s_177_0.wav,sad,2.31,"Ну, коли цей момент може бути?",10,test
s_178_0.wav,sad,2.8,"Я зараз мушу це сказати, я мушу це сказати.",10,test
s_179_1.wav,sad,1.88,"Господи Боже, дуже молода людина.",46,train
s_180_1.wav,sad,2.22,"34, Господи Боже.",46,train
s_181_1.wav,sad,1.71,"сижу вагітна на пляжі, плачу",6,train
s_182_1.wav,sad,0.96,Плачу і кажу,6,train
s_183_1.wav,sad,2.22,Нашо я це зробила? Нашо я вийшла за нього заміж?,6,train
s_184_1.wav,sad,2.31,"Але, я відверто тобі скажу, чесно, я",155,train
s_185_1.wav,sad,2.43,Я виграла це життя.,55,train
s_186_1.wav,sad,3.06,"хочу сказати, що цим жінкам потрібна підтримка.",155,train
s_187_1.wav,sad,2.59,"Так не знаю, не люблю в житті, як його.",383,train
s_188_1.wav,sad,2.96,"Той, хто не б'є щодня. Боже, це жах.",155,train
s_189_1.wav,sad,3.52,розумію. Мені навпаки хочеться підійти і її там настільки обійняти.,383,train
s_190_1.wav,sad,1.75,Дуже потрібна підтримка.,155,train
s_191_1.wav,sad,1.6,настільки дозволяла по собі їхати,383,train
s_192_1.wav,sad,2.18,та бо я не хотіла це проявляти.,383,train
s_193_1.wav,sad,1.53,Я не хотіла це все повторювати,383,train
s_194_1.wav,sad,1.53,"не хотіла, щоб люди це відчували.",383,train
s_195_1.wav,sad,3.1,"щоб люди це відчували, те, що десь відчувала я.",383,train
s_196_1.wav,sad,2.03,Ти маєш бажання це виправляти?,155,train
s_197_1.wav,sad,1.93,ти це виправляла і я,155,train
s_198_1.wav,sad,2.19,Ніби щось тут встромляють,125,train
s_199_1.wav,sad,4.45,поганий. Такий ніби,42,train
s_200_1.wav,sad,2.27,цей папірець просто був перед обличчям.,38,test
s_201_1.wav,sad,1.38,Це ужас просто,24,train
s_202_1.wav,sad,1.56,І я просто злякалася,206,train
s_203_1.wav,sad,1.86,"Я не думала, що такий скандал",206,train
s_204_1.wav,sad,2.83,Наречена повинна виплакати два глечики сліз,36,train
s_205_1.wav,sad,2.51,"От, я її просто помагаю.",36,train
a_001_0.wav,angry,1.54,У мене прекрасний зір.,304,train
a_002_1.wav,angry,1.28,"Боже, дівчата.",299,train
a_003_1.wav,angry,1.15,Бороду заховай,59,train
a_004_1.wav,angry,1.08,Жорсткіше Артур,59,train
a_005_1.wav,angry,1.54,Чому ти так довго терпіла?,225,train
a_006_1.wav,angry,1.54,Вас штормить від мене!,31,test
a_007_1.wav,angry,1.02,Я офігєла.,53,train
a_008_1.wav,angry,1.79,Хочу подивитися в твій холодильник.,320,train
a_009_1.wav,angry,1.41,"Оля, ти вже вся мокра",54,train
a_010_1.wav,angry,2.75,"Я знаю, що це методика іншого автора.",309,train
a_011_1.wav,angry,2.21,"У людини, явно, не добре з головою.",227,train
a_012_1.wav,angry,2.31,Вона не виглядає на сім тисяч баксів в місяць.,70,train
a_013_1.wav,angry,1.77,Я з авокадо нічого їсти не буду.,103,train
a_014_1.wav,angry,2.43,Мені не потрібно на них кричати чи бити.,257,train
a_015_1.wav,angry,1.79,щоб вони мені допомогли помити посуд.,257,train
a_016_1.wav,angry,2.05,А якщо до тебе дівчата в гості прийдуть?,130,test
a_017_1.wav,angry,1.5,"Дівчата, ви що, вабшє",62,train
a_018_1.wav,angry,2.55,"Блін, це ваші бутерброди з красною рибою.",160,train
a_019_1.wav,angry,1.74,"Ну, це балкон, атчепіться з мене",14,train
a_020_1.wav,angry,2.43,Де термін придатності на бутербродах?,160,train
a_021_1.wav,angry,1.54,Де термін придатності?,160,train
a_022_0.wav,angry,1.62,"Взагалі де дитяче, ну де?",58,train
a_023_1.wav,angry,1.89,Навіщо ти це кажеш при дитині?,1,train
a_024_0.wav,angry,0.9,А чого два?,201,train
a_025_1.wav,angry,2.89,"Про які ти, напевне, і не чула, Вікуся.",70,train
a_026_1.wav,angry,0.64,Це жах.,256,train
a_027_1.wav,angry,2.3,Я взагалі-то до тебе в гості приїхала.,170,train
a_028_1.wav,angry,1.64,А на городи полоти,207,train
a_029_1.wav,angry,1.92,Час дома він не проводив.,85,test
a_030_1.wav,angry,0.9,А що тут такого?,267,test
a_031_1.wav,angry,2.3,"Так, я там відпочивала і не раз.",177,train
a_032_1.wav,angry,1.28,Він тобі зраджував?,132,train
a_033_1.wav,angry,1.75,Півтора року дитина без мами,45,train
a_034_1.wav,angry,1.86,Просто в тобі недостатньо жіночності.,144,train
a_035_0.wav,angry,1.66,"50, блядь, Мішель.",82,train
a_036_0.wav,angry,1.28,Та ти на вулицю виходиш,25,train
a_037_0.wav,angry,1.28,Люди їздять на машинах.,264,train
a_038_1.wav,angry,1.91,Вона тебе відбила в нього.,54,train
a_039_0.wav,angry,2.21,"Ну, так, чувак, та людина впахує, блін.",93,train
a_040_0.wav,angry,1.5,І сфоткати і послати усі,22,test
a_041_1.wav,angry,1.54,А то не треба було приходити,80,train
a_042_1.wav,angry,1.66,Я кістки не вибирала з риби.,80,train
a_043_0.wav,angry,2.3,"Я не розумію. Ви з, ви шукали зрадника.",65,train
a_044_1.wav,angry,2.53,"Вези мене бистреє до дому, потому что буде біда.",14,train
a_045_1.wav,angry,2.82,"Я бачу, ти поставила мені взагалі всі трійки.",41,train
a_046_1.wav,angry,2.18,ти просто зливаєш конкурентів.,41,train
a_047_1.wav,angry,1.81,Я маю це змінити зараз.,211,train
a_048_1.wav,angry,1.92,Як ви наважились на третю дитину?,63,train
a_049_1.wav,angry,1.89,Я бачу і чую.,84,train
a_050_1.wav,angry,2.82,"Я тебе залишила ще п'ять балів, щоб ти розвивалася.",131,train
a_051_1.wav,angry,1.12,А чому не сім?,84,train
a_052_0.wav,angry,1.41,Це принциповий момент.,319,train
a_053_1.wav,angry,2.3,Ну що? Що ти щас мені скажеш?,62,train
a_054_1.wav,angry,1.02,Ну що?,344,train
a_055_1.wav,angry,1.41,Що ти сейчас мені скажеш?,62,train
a_056_1.wav,angry,3.2,"Інна на що ти знову прибідняєшся, що це мало?",170,train
a_057_1.wav,angry,2.18,А багато? То це скільки взагалі?,170,train
a_058_0.wav,angry,1.52,"Не жорстоко, але жорстка.",0,test
a_059_1.wav,angry,2.3,"долі секунди, ваза її полетить в морду.",13,train
a_060_1.wav,angry,2.45,Ти нас зустріла на кухні з грязними кастрюлями,77,train
a_061_1.wav,angry,2.58,Ти не должна була так сделать со своей дитиною.,83,train
a_062_1.wav,angry,1.7,Поставлю їй два.,359,train
a_063_1.wav,angry,2.13,"Блін, ну воно на вас нападе?",13,train
a_064_0.wav,angry,2.36,Або може навчити самостійності?,0,test
a_065_1.wav,angry,1.41,"Це мені каже людина, як.",130,test
a_066_1.wav,angry,3.42,яка з порога загнабила мене за мої 64 кг?,130,test
a_067_0.wav,angry,1.28,"А ви як, наважилися?",0,test
a_068_0.wav,angry,1.77,Це якась така манія величі.,0,test
a_069_1.wav,angry,1.18,Вони мені не потрібні.,347,train
a_070_1.wav,angry,0.92,Я тупо в шоці,327,train
a_071_1.wav,angry,1.67,"Чесно, дівчонки, я тупо в шоці.",327,train
a_072_1.wav,angry,1.54,Ти що стола не могла десь знайти?,28,test
a_073_0.wav,angry,1.72,А чому це нормально?,94,test
a_074_1.wav,angry,2.12,В мене шок просто з цього всього.,296,train
a_075_1.wav,angry,2.21,В мене була десь отака залисина.,31,test
a_076_0.wav,angry,1.91,Та мені ця навіть на думку не спадало.,0,test
a_077_0.wav,angry,1.28,Ну ти ж не отригнеш щас?,47,train
a_078_1.wav,angry,1.41,Ти для мене взагалі не мама.,210,test
a_079_1.wav,angry,2.05,Вона тобі угольки в кальяні перевертає,210,test
a_080_1.wav,angry,1.33,Це взагалі днище.,210,test
a_081_0.wav,angry,1.02,Ти п'яна людина,66,train
a_082_0.wav,angry,1.15,Перебирати не треба.,66,train
a_083_0.wav,angry,2.56,"Давай їж, я платив, щоб дарма за це.",167,train
a_084_0.wav,angry,0.64,Давай їж.,167,train
a_085_1.wav,angry,2.77,В тебе був брудний холодильник. В тебе були там багато просрочки.,90,test
a_086_0.wav,angry,1.06,Ви чого туда лізите?,270,train
a_087_1.wav,angry,3.27,"Ти цілий день нам говорила про те, що в тебе троє дітей.",132,train
a_088_0.wav,angry,1.92,"Та взагалі, щоб дома того не було.",0,test
a_089_0.wav,angry,1.41,Ви ж можете собі дозволити?,0,test
a_090_0.wav,angry,1.28,Що ви взагалі маєте на увазі?,3,train
a_091_0.wav,angry,2.69,"Треба зробити так, аби не виникало бажання.",0,test
a_092_1.wav,angry,1.7,Я не можу слухати цей брєд.,73,train
a_093_0.wav,angry,1.5,"Дмитро, я знаю, що ти мрійник.",47,train
a_094_0.wav,angry,1.66,Ти взагалі знаєш правила гри?,194,train
a_095_0.wav,angry,1.79,"Та, короче, е-е,",34,train
a_096_1.wav,angry,1.15,Добре влаштувались.,310,train
a_097_1.wav,angry,1.51,А Ксюша просто каралєва.,183,train
a_098_1.wav,angry,1.91,тупо прогибаться всім під маму.,18,train
a_099_0.wav,angry,1.79,Три роки в жіночому кварталі.,348,train
a_100_0.wav,angry,1.15,Так підніми таз.,82,train
a_101_1.wav,angry,2.23,"Це відповідальність твоя, а не річ твоя.",28,test
a_102_1.wav,angry,1.36,Вона мене цим вибісила,1,train
a_103_0.wav,angry,0.9,"Все, я написав.",213,train
a_104_1.wav,angry,2.92,"Ну, чесно, я взагалі в шоці з цієї мамаші.",28,test
a_105_1.wav,angry,1.15,І ти падло блін просто,100,train
a_106_1.wav,angry,2.29,"І ти падла, блін, просто пішов наліво.",100,train
a_107_1.wav,angry,2.23,Не хватає нам на світі ще одної такої.,361,train
a_108_1.wav,angry,0.77,"Ну, це капець.",295,train
a_109_1.wav,angry,2.77,І вона його вчить просто бути каблуком.,18,train
a_110_0.wav,angry,1.28,Та давай бо партій.,283,test
a_111_1.wav,angry,1.59,Не відповідай за мене.,197,train
a_112_1.wav,angry,2.26,"Боже, ну її мама - це просто днище.",18,train
a_113_0.wav,angry,1.92,"Йой, та що ти тої руки вцепилася",34,train
a_114_0.wav,angry,1.28,"Що в них, ну,",281,train
a_115_1.wav,angry,2.56,"На, хіба і той all inclusive вдома?",45,train
a_116_1.wav,angry,2.18,"Це не жінка, коли тебе 30 плюс.",257,train
a_117_0.wav,angry,1.57,"Та ні, не все з нею добре.",0,test
a_118_0.wav,angry,1.24,Але людина сивіє.,74,train
a_119_0.wav,angry,0.97,Ви робите все.,319,train
a_120_0.wav,angry,2.3,"Ви навіть не розумієте, що вам тільки що сказав.",139,train
a_121_0.wav,angry,1.02,Ви навіть не розумієте,139,train
a_122_0.wav,angry,1.66,У вас якесь своє бачення!,65,train
a_123_0.wav,angry,1.07,Ви вже мене бусите,335,train
a_124_0.wav,angry,2.09,А чому ви хочете щось довести комусь?,0,test
a_125_0.wav,angry,1.31,"То тож не, різне?",47,train
a_126_1.wav,angry,1.15,"Якщо ти будеш кричати,",187,train
a_127_1.wav,angry,2.36,"Якщо ти будеш кричати, ми гратися не будемо.",187,train
a_128_1.wav,angry,2.26,І який тоді вихід з цієї ситуації?,28,test
a_129_1.wav,angry,2.19,"Ти не чула, що я приготувала, це тоже.",1,train
a_130_1.wav,angry,2.55,Від тебе сьогодні стільки вже брехні.,73,train
a_131_1.wav,angry,1.34,"Просто, бо він її пожалів.",1,train
a_132_1.wav,angry,1.32,Чого ти до мене прицепилася?,119,train
a_133_1.wav,angry,1.3,Ти чого ти до мене прицепилася?,119,train
a_134_1.wav,angry,3.12,Мені таке не подобається. Я взагалі не зрозуміла цього жарту.,89,train
a_135_1.wav,angry,5.5,"Я в цей момент така думаю, ну, йо, ну, та ви що? Ну, мені неприємно було це чути, взагалі.",141,test
a_136_1.wav,angry,2.21,"Ну, мені неприємно було це чути взагалі",141,test
a_137_1.wav,angry,2.73,"Конечно, та тою розою ходиш, махаєш перед нами.",186,train
a_138_1.wav,angry,3.76,"І після того ходити? Конечно, ти тою разою ходиш, махаєш перед нами.",186,train
a_139_1.wav,angry,3.61,"Можливо, мені хотілось би, щоб там була моя троянда, але я розуміла, що її там немає.",5,train
a_140_1.wav,angry,3.54,"Коли я поїхала забирати свою собаку, він мені чуть шию не зламав.",141,test
a_141_0.wav,angry,2.56,"Я не розумів, ну, типу, в мене розрив шаблонів. Чому так, ну?",12,train
a_142_0.wav,angry,1.28,"Ну, ти знаєш, що після таких моментів",336,train
a_143_1.wav,angry,2.94,"Що я маю питати в чоловіка, я маю щось робити?",103,train
a_144_1.wav,angry,1.66,Що я маю питати в чоловіка?,103,train
a_145_1.wav,angry,1.02,Я просто в шоці,11,train
a_146_1.wav,angry,1.42,"Знову дивиться, дивиться, дивиться.",316,train
a_147_0.wav,angry,2.96,"Я не можу сказати, що вона була в захваті прямо величезному.",12,train
a_148_0.wav,angry,2.01,була в захваті прямо у величезному.,12,train
a_149_0.wav,angry,2.72,"Якось не відчув, що вона була там супер щасливою.",12,train
a_150_0.wav,angry,1.54,"Ну да, я розумію. Але",12,train
a_151_0.wav,angry,2.3,Я дуже не люблю лягати спати з невирішеними якимись проблемами.,12,train
a_152_1.wav,angry,1.34,Це був початок стосунків.,145,train
a_153_1.wav,angry,1.38,Чим ти займався?,145,train
a_154_1.wav,angry,2.02,Він досі стоїть з цьою капустай.,145,train
a_155_1.wav,angry,1.42,"Я не знаю, хто це був.",63,train
a_156_1.wav,angry,1.63,Що я маю казати?,317,train
a_157_0.wav,angry,1.16,От главне питання.,363,test
a_158_0.wav,angry,0.76,ти даже не попиталась,235,train
a_159_0.wav,angry,1.24,Я ж не не робот,2,train
a_160_0.wav,angry,1.82,Я не могу отак от взять і переключитись.,2,train
a_161_0.wav,angry,2.04,мене ще в нутрі ще ще до сих пор вирує.,2,train
a_162_0.wav,angry,1.36,Чи є з таким відношенням,64,test
a_163_0.wav,angry,1.21,"Короче, це не моє.",64,test
a_164_0.wav,angry,1.27,Може вона і не вгадала би.,307,test
a_165_0.wav,angry,2.83,"Буду перечисляти, я не знаю, 1 001 блюдо.",64,test
a_166_0.wav,angry,1.34,"Те, що я і думав.",285,train
a_167_0.wav,angry,1.25,Леопардовий мішок,204,train
a_168_0.wav,angry,1.77,"Що тут поганого, я не розумію.",64,test
a_169_0.wav,angry,1.49,Я тебе дуже сильно прошу.,64,test
a_170_0.wav,angry,1.49,Я можу оплачувати їх,242,train
a_171_0.wav,angry,2.04,"А, а як тоді відкладати кошти?",242,train
a_172_0.wav,angry,1.61,"або я тебе слухаю, або я біжу",242,train
a_173_1.wav,angry,1.48,То я тобі не буду допомагати.,108,train
a_174_1.wav,angry,1.79,"йому показати, що мені неприємно.",108,train
a_175_1.wav,angry,2.21,"І я не знала, чи хочу я взагалі з ним говорити.",108,train
a_176_0.wav,angry,1.5,Вона думала тільки про себе.,16,train
a_177_0.wav,angry,0.95,Мені оце обідно.,16,train
a_178_1.wav,angry,0.73,Як це?,277,train
a_179_0.wav,angry,1.73,Найди цей виноград в листі.,35,train
a_180_0.wav,angry,3.07,"Найди цей виноград в листі, обріж це листя.",35,train
a_181_0.wav,angry,1.24,Я міг тільки надіятись.,35,train
a_182_0.wav,angry,1.75,"Ти ж головна, ти ж мала все запам'ятати.",92,train
a_183_0.wav,angry,1.11,Вона тільки говорить.,92,train
a_184_0.wav,angry,2.03,"В один день я чую, що мало грошей.",92,train
a_185_0.wav,angry,4.69,"В один день я чую, що мало грошей, в інший день я чую, що не приготував сніданок.",92,train
a_186_1.wav,angry,2.95,"Він не звертав увагу на мій комфорт, в цілому.",179,train
a_187_1.wav,angry,2.6,"Ти взявся за м'ясо, ти не міг це зробити нормально?",33,train
a_188_1.wav,angry,3.82,"Люди, які люблять все ж таки один одного, в них не повинно бути таке.",33,train
a_189_0.wav,angry,1.2,Чому вони не завершилися?,4,train
a_190_0.wav,angry,3.0,"Якщо тобі потрібно вниз, ми можемо в будь-який момент тебе спустити.",98,train
a_191_1.wav,angry,1.59,Ти будеш підбирати слова,29,train
a_192_1.wav,angry,1.34,Скільки вже можна з нею говорити?,5,train
a_193_1.wav,angry,1.92,"Я не розумію, скільки вже можна з нею говорити?",5,train
a_194_1.wav,angry,2.76,"розізлило, бо я не розумію, скільки вже можна з нею говорити.",5,train
a_195_1.wav,angry,0.65,Скільки можна,301,train
a_196_0.wav,angry,1.8,"Ні, 100 відсотків ні.",8,train
a_197_0.wav,angry,1.8,Які квіти? Тут нема квітів,8,train
a_198_0.wav,angry,1.6,"Ти нормальна, нарди?",324,train
a_199_1.wav,angry,3.22,Задовбав ти мене зі своїми нардами кожен вечір грати.,214,train
a_200_0.wav,angry,1.37,А нащо вони нам треба?,365,train
a_201_1.wav,angry,2.52,це пам'ять про нашу першу спільну подорож.,323,train
a_202_0.wav,angry,3.12,Тут є палка. І палка з трьома листочками,7,train
a_203_0.wav,angry,1.4,то можеш їх одразу кудись винести,26,test
a_204_1.wav,angry,2.1,Яка ти криса.,364,train
a_205_1.wav,angry,2.71,Звідки вона взялася? 15 років прийшло.,21,train
a_206_1.wav,angry,3.73,"Я не знаю, з якими мотивами. Я не знаю для чого.",21,train
a_207_1.wav,angry,2.49,"Але все рівно ця біль протягом твого життя,",155,train
a_208_1.wav,angry,2.17,"Не була б я вагітна, ми вже б тоді не були разом.",6,train
a_209_1.wav,angry,1.82,скільки я собі не дозволяла ні злитися,383,train
a_210_0.wav,angry,1.1,Та я не про те,279,train
a_211_0.wav,angry,1.2,Де Франсуа?,332,train
a_212_0.wav,angry,0.77,Де він?,308,train
a_213_0.wav,angry,2.54,"Думаєш, навчила говорити по-нашому і все?",30,train
a_214_0.wav,angry,1.6,Татко благословить.,30,train
a_215_1.wav,angry,2.04,"Значить, так, це мій хлопець.",23,train
a_216_1.wav,angry,1.88,Я його кохаю. Це мій вибір і,292,train
a_217_1.wav,angry,1.88,і ти повинен його поважати.,356,train
a_218_1.wav,angry,1.27,"Тату, заспокойся.",23,train
a_219_0.wav,angry,2.32,Що ви зробили з моїм Франсуа?,30,train
a_220_1.wav,angry,2.71,"Сталося невелике непорозуміння. Так, мамо?",23,train
a_221_0.wav,angry,2.15,"Вже підгоріли. Ах, ви зрадники.",288,train
a_222_0.wav,angry,2.15,Я вимагаю надати мені нормального зятя.,252,train
a_223_0.wav,angry,1.82,А не якусь підробку.,375,train
a_224_0.wav,angry,3.26,Не смій ганьбити велику поезію!,30,train
h_001_0.wav,happy,1.79,А в мене теж є вертушка тут така.,93,train
h_002_1.wav,happy,1.41,Це було круто.,203,test
h_003_1.wav,happy,1.03,потім побачимо.,377,train
h_004_0.wav,happy,1.69,"Роман Щербан, ахаха.",243,test
h_005_1.wav,happy,2.26,"Здається, він тут уже задобрений.",131,train
h_006_1.wav,happy,3.58,"Чесно, я, ну, мені реально було",41,train
h_007_1.wav,happy,1.66,Ти що мені таке кажеш?,371,test
h_008_1.wav,happy,2.01,"Дякую, що ти в мене є, коханий.",251,train
h_009_1.wav,happy,1.54,"Приємний бонус, для мене.",303,train
h_010_0.wav,happy,1.78,"ти що, ми ж подбали про вас",86,train
h_011_1.wav,happy,1.18,Куди тут без цього?,300,train
h_012_1.wav,happy,2.09,"Звичайно, куди ж тут без цього?",300,train
h_013_0.wav,happy,2.19,"Ой, ой, мені звонять",102,train
h_014_1.wav,happy,1.02,Молодець.,57,train
h_015_1.wav,happy,2.56,Молодець! Вона дуже любить такі загадки.,57,train
h_016_0.wav,happy,1.59,Коли починаємо речення?,236,train
h_017_0.wav,happy,2.5,"Е, не діставай швидше.",333,train
h_018_1.wav,happy,2.02,"Ми сіли в машину, і він каже: ""Ну шо в готель"".",43,train
h_019_1.wav,happy,1.18,"Лайк, Аделька",199,train
h_020_1.wav,happy,2.62,"Весь час проводжу з дітьми, нарешті.",164,test
h_021_1.wav,happy,2.31,В якому тобі класно,311,train
h_022_0.wav,happy,2.43,"Так, це я її прикрашала.",337,train
h_023_1.wav,happy,1.19,"А, ні.",265,train
h_024_1.wav,happy,1.86,І мені треба відбити цього хлопця.,309,train
h_025_1.wav,happy,3.19,"сім років - це дуже, дуже багато.",309,train
h_026_1.wav,happy,1.92,"Блін, це офігенно.",258,train
h_027_1.wav,happy,2.16,"У нас уже ідеальна сім'я, на мою думку.",384,train
h_028_1.wav,happy,0.68,Все добре.,274,train
h_029_1.wav,happy,2.33,Це двоє дітей зразу.,72,train
h_030_1.wav,happy,3.56,"на волоссях. Я не зрозуміла, спочатку передивлялася декілька хвилин.",48,train
h_031_1.wav,happy,1.71,Поліція вже нова фішка,127,train
h_032_0.wav,happy,3.13,Ви навіть для Йорка знайшли власну квартиру.,0,test
h_033_1.wav,happy,3.22,Не вистачало тільки коробочки з каблучкою.,378,train
h_034_1.wav,happy,1.92,День був дуже цікавий і,41,train
h_035_1.wav,happy,2.43,Мені хочеться завтра сходити в церкву.,41,train
h_036_1.wav,happy,1.15,Я нафарбована,90,test
h_037_0.wav,happy,1.02,Ще шось буде,360,train
h_038_0.wav,happy,2.78,"Ну, слава Богу, поки здоров'я хватає.",326,train
h_039_1.wav,happy,1.54,Картопля дуже смачна.,259,train
h_040_1.wav,happy,1.92,Бабуся мене дуже любила.,130,test
h_041_0.wav,happy,1.54,"Короче, значить,",381,train
h_042_0.wav,happy,2.38,Бути супертатом стане новим трендом.,0,test
h_043_0.wav,happy,1.41,Всі шляхи ведуть в Японію.,339,train
h_044_0.wav,happy,1.02,Скажи.,338,train
h_045_0.wav,happy,1.42,Я взяв додому трошки.,27,train
h_046_0.wav,happy,1.6,"Дві, дві можна.",86,train
h_047_0.wav,happy,2.05,то закінчиться коротким замиканням.,27,train
h_048_0.wav,happy,1.66,"Ну, мені капець цікаво.",27,train
h_049_0.wav,happy,2.69,Гарна подяка за такий гарний стіл,376,train
h_050_0.wav,happy,2.43,Ти ви як хорошо же.,244,train
h_051_0.wav,happy,1.06,Але і таке було,362,train
h_052_1.wav,happy,1.25,Почитати книжечку.,22,test
h_053_0.wav,happy,2.31,"А ну, Даша хоче їй рибку з'їсти?",34,train
h_054_1.wav,happy,1.55,Що там будуть лізбіянки,78,train
h_055_0.wav,happy,0.77,Дякую вам.,318,train
h_056_1.wav,happy,1.54,У мене двоє прекрасних діток.,120,test
h_057_0.wav,happy,2.08,Я курочка полетіла от сюда.,291,train
h_058_1.wav,happy,1.02,Вау.,314,train
h_059_1.wav,happy,0.9,Оце сервіс.,354,train
h_060_1.wav,happy,0.95,"Дякую, велике.",120,test
h_061_1.wav,happy,1.7,"До побачення, дякую велике.",120,test
h_062_1.wav,happy,2.05,"Як шведська лінія в ресторані, безкоштовна.",382,train
h_063_1.wav,happy,1.52,Не треба пам'ятати дати.,240,train
h_064_0.wav,happy,1.66,Одним прокорупціонером.,342,train
h_065_1.wav,happy,1.41,Запивай.,208,train
h_066_0.wav,happy,1.13,Кльово.,173,train
h_067_0.wav,happy,1.04,"Дякую, дякую.",271,train
h_068_0.wav,happy,1.64,такий гарний ротик.,286,train
h_069_1.wav,happy,1.54,"Дівчата, а що це таке?",53,train
h_070_0.wav,happy,2.02,Є!,196,train
h_071_1.wav,happy,1.7,"Клас, дякую тобі дуже, велике.",28,test
h_072_0.wav,happy,2.01,"О, ні, це не ред флег.",47,train
h_073_1.wav,happy,2.6,"Ми не пили алкоголь, але я відчуваю себе такою знаєш.",29,train
h_074_1.wav,happy,3.5,Мабуть тому я досі не була ще на індивідуальному побаченні.,91,train
h_075_1.wav,happy,3.31,Це було так по-домашньому затишно і правильно.,146,train
h_076_1.wav,happy,2.68,"Ну, побачимо, що з цього вийде, якщо чесно.",32,train
h_077_1.wav,happy,2.43,"Я не знаю, чи наступний жарт варто говорити.",11,train
h_078_1.wav,happy,2.77,"Блін, я не знаю, чи наступний жарт варто говорити.",11,train
h_079_0.wav,happy,2.94,"Ну, можна так швиденько так показать",293,train
h_080_1.wav,happy,2.13,Ну не хочеться втратити пасажира.,374,test
h_081_1.wav,happy,2.05,Це було просто.,282,train
h_082_1.wav,happy,2.12,"Групові побачення, я шось більше не хочу",40,train
h_083_0.wav,happy,2.58,Ми сьогодні йдемо на майстер-клас по грі на барабанах.,98,train
h_084_1.wav,happy,1.9,"Розповім, як я в тюрмі сиділа",340,train
h_085_0.wav,happy,1.12,Пізніше.,12,train
h_086_0.wav,happy,1.95,яка розкриється пізніше.,12,train
h_087_0.wav,happy,0.97,Ти не ображаєшся.,321,test
h_088_0.wav,happy,1.71,Ми з тобою сьогодні провели дуже класно час.,12,train
h_089_0.wav,happy,1.78,Ти мене нічого не запитуєш,12,train
h_090_1.wav,happy,2.3,"Сьогодні нереальним був ти, Тарас.",148,test
h_091_1.wav,happy,2.93,"Мені здається, що сьогодні нереально був ти такий Тарас.",148,test
h_092_0.wav,happy,1.0,Один бал.,266,train
h_093_0.wav,happy,3.58,"А ввечері ми, можливо, можливо, повечеряємо разом.",123,train
h_094_0.wav,happy,1.43,"А, я думаю, варіант Б.",178,train
h_095_1.wav,happy,1.79,"Молодощо, бути прикольно, взагалі",32,train
h_096_1.wav,happy,2.29,"Я хочу, щоб ми розпочали це робити разом.",366,train
h_097_0.wav,happy,2.8,"Ти змінила, насправді свій тон, це дуже приємно.",98,train
h_098_1.wav,happy,1.61,Карпати!,341,train
h_099_0.wav,happy,2.65,Що за челендж? Мені подобається.,232,train
h_100_0.wav,happy,1.21,Мені подобається!,232,train
h_101_1.wav,happy,2.74,Ти замовив всю мою корзину сольмар?,158,train
h_102_0.wav,happy,1.8,Зараз будемо робити сюрприз.,7,train
h_103_0.wav,happy,2.0,У мене для вас дещо є.,133,train
h_104_1.wav,happy,1.69,А як це так вабще?,224,test
h_105_1.wav,happy,2.36,Спасіба! Я в шоці!,39,train
h_106_0.wav,happy,0.9,Єс!,195,train
h_107_0.wav,happy,2.54,Тобі треба мене розважати я вважаю.,185,train
h_108_1.wav,happy,1.82,"Боже, він дуже мулий.",158,train
h_109_1.wav,happy,2.3,"Хи-хи, дякую",223,train
h_110_0.wav,happy,3.76,Піцуньки,171,train
h_111_0.wav,happy,2.9,"Дякую, дякую велике за піцуньки.",247,train
h_112_0.wav,happy,1.5,Дуже смачно. Дуже смачно.,263,train
h_113_0.wav,happy,1.67,"Це найкраще, що зі мною траплялося",325,train
h_114_0.wav,happy,0.8,Харош,297,train
h_115_1.wav,happy,1.3,В нас був пікнік,91,train
h_116_1.wav,happy,1.7,"Боже, яка краса!",143,train
h_117_1.wav,happy,1.92,"Да, це кальє.",262,test
h_118_0.wav,happy,0.88,Кохаю вас.,349,train
h_119_1.wav,happy,1.04,І я вас кохаю,239,train
h_120_1.wav,happy,2.2,"Нє, я вас лав ю.",253,train
h_121_1.wav,happy,2.77,"Боже, яка краса! Дякую.",143,train
h_122_1.wav,happy,0.99,Дякую.,231,train
h_123_1.wav,happy,1.7,Іду в дзеркало подивлюсь.,306,test
h_124_1.wav,happy,2.1,Це дуже красиво.,357,train
h_125_1.wav,happy,1.2,"Що так ніжно, подивись.",248,train
h_126_0.wav,happy,1.1,Дуже подобається.,202,train
h_127_1.wav,happy,1.3,Дякую,39,train
h_128_0.wav,happy,1.9,"Я розумів, що тоді треба триматися.",10,test
h_129_0.wav,happy,2.03,Клас.,351,train
h_130_1.wav,happy,1.94,Відкривай коробку.,24,train
h_131_1.wav,happy,2.3,Відкривай коробку!,305,train
h_132_0.wav,happy,2.21,"О, в мене Наталі",233,test
h_133_1.wav,happy,3.6,"Ну, такий, реально класний, реально красивий.",383,train
h_134_1.wav,happy,3.26,"Люди, оце відправляють кучу всього.",383,train
h_135_0.wav,happy,2.63,"Нє, там нормально все.",353,test
h_136_1.wav,happy,1.08,"Да, я розкажу.",38,test
h_137_1.wav,happy,1.46,Це буде так об'ємніше,38,test
h_138_1.wav,happy,1.43,Приїхала з котами,278,train
h_139_1.wav,happy,1.18,Що ти тут робиш?,101,test
h_140_1.wav,happy,1.18,А коли він побачив,373,train
h_141_1.wav,happy,2.16,"пластилін прийняв форму крісла, та й взагалі",38,test
h_142_1.wav,happy,2.8,Матеріалу можна зліпити що завгодно.,38,test
h_143_1.wav,happy,2.8,"А я не знала, що йому відповісти",38,test
h_144_1.wav,happy,1.57,Гарний позивний,38,test
h_145_1.wav,happy,1.74,спеціально обучених людей для цього,38,test
h_146_1.wav,happy,1.77,"По відчуттях, знаєш.",312,train
h_147_1.wav,happy,1.63,Потрібно дві долоньки,163,test
h_148_1.wav,happy,1.31,Який ужас.,334,train
h_149_1.wav,happy,1.13,"До речі, оо.",218,train
h_150_1.wav,happy,1.01,Ваауу!,241,train
h_151_1.wav,happy,0.95,Цим володарем,69,train
h_152_1.wav,happy,1.51,Дуже велика посилка,38,test
h_153_1.wav,happy,1.17,"прямо, а через кого",69,train
h_154_1.wav,happy,1.12,Включити режим,38,test
h_155_1.wav,happy,1.63,Змії на яку напали,156,train
h_156_1.wav,happy,1.34,І тобі треба,38,test
h_157_1.wav,happy,1.75,Просто показати,38,test
h_158_1.wav,happy,2.47,"Трошки залученості теж не помішає, ну.",164,test
h_159_0.wav,happy,2.25,"вам можу сказати, що",77,train
h_160_1.wav,happy,1.45,Сама ніяк не дочекаюся.,110,train
h_161_1.wav,happy,1.69,"Привіт, Донечко!",42,train
h_162_1.wav,happy,1.63,"Привіт, мам. Як ви там?",261,train
h_163_1.wav,happy,1.31,У нас все добре,36,train
h_164_1.wav,happy,2.14,"Чекаємо, коли ви нарешті приїдете.",36,train
h_165_1.wav,happy,0.94,Клас.,110,train
h_166_1.wav,happy,2.18,"Радий, аж пищіть.",36,train
h_167_1.wav,happy,2.43,А хто це до нас прийшов?,272,train
h_168_1.wav,happy,2.34,Мій улюблений зятик.,36,train
h_169_0.wav,happy,1.09,Салют мама,234,train
h_170_1.wav,happy,2.09,"Справи чудово, справи",36,train
h_171_1.wav,happy,2.49,"А от мій зятик приїде, буде ще",36,train
h_172_1.wav,happy,1.92,Який він у тебе розумничок.,150,train
h_173_1.wav,happy,1.92,"Діти, я така за вас рада.",150,train
h_174_1.wav,happy,1.41,"Щасливої дороги, дітки!",260,train
h_175_0.wav,happy,2.53,"надресирували. Ай! Е, який розумник",19,train
h_176_0.wav,happy,2.53,"А, який розумник нашу мову вивчив",19,train
h_177_0.wav,happy,2.04,свято на все життя і готуватись тиждень,19,train
h_178_1.wav,happy,1.43,"Ну, слава Богу.",200,train
h_179_1.wav,happy,2.27,"Та я знала, що все добре закінчиться.",36,train
h_180_1.wav,happy,2.27,Тепер можемо спокійно лягати спати.,36,train
h_181_0.wav,happy,1.7,Точно! Я з ним вже домовився,129,train
h_182_1.wav,happy,2.38,"За твоє щастя, за сімейне благополуччя.",36,train
h_183_1.wav,happy,2.02,"Давай, давай, давай, іди!",215,train
h_184_1.wav,happy,0.76,Привіт.,346,train
h_185_1.wav,happy,1.61,Нові столики нарешті,15,test
h_186_1.wav,happy,1.32,"Ти, дякую я сама.",87,train
h_187_1.wav,happy,1.08,Я вас обожнюю,370,train
h_188_1.wav,happy,0.92,Дівчата,228,train
h_189_1.wav,happy,0.85,Привіт!,273,train
h_190_1.wav,happy,1.33,Я виходжу заміж.,61,train
h_191_1.wav,happy,1.54,"Ну що, вип'ємо кави",345,train
h_192_1.wav,happy,3.72,"І ваш чоловік, він був готовий вже підписати угоду.",60,train
h_193_1.wav,happy,2.94,"Мама, ну ти сама казала, що я для тебе буду завжди маленькою.",275,train
h_194_1.wav,happy,1.3,Що так помітно?,81,test
h_195_1.wav,happy,1.3,Ну ти аж світишся,122,train
h_196_1.wav,happy,1.65,Прийшло запрошення з Канади.,144,train
h_197_1.wav,happy,1.6,"Вони, вони офігіли.",254,test
h_198_1.wav,happy,4.17,"Ви мені вранці так допомогли, а потім так швидко пішли.",122,train
h_199_1.wav,happy,0.77,До завтра.,284,train
h_200_1.wav,happy,1.55,Сама підбирала.,329,train
h_201_0.wav,happy,1.43,Навіть не думай про це.,255,train
h_202_1.wav,happy,3.08,"Інка, невже це ти?",229,train
h_203_1.wav,happy,2.38,"Слухайте, ви так личить.",229,train
h_204_1.wav,happy,2.14,Ти наче помолодшила. Ну?,87,train
h_205_1.wav,happy,3.55,Я вперше в житті каталась на байку. Дуже боялась.,122,train
h_206_1.wav,happy,2.7,"Ого, реально як у дитинстві.",71,train
h_207_1.wav,happy,1.5,Життя таке прекрасне.,122,train
h_208_1.wav,happy,1.11,Я така щаслива.,269,train
h_209_1.wav,happy,3.01,Мені сьогодні перший раз в житті аванс дали.,328,train
h_210_1.wav,happy,3.05,"Ну, як після цього це не вірити? Анжелка!",122,train
h_211_1.wav,happy,1.61,Я досі отямитись не можу.,121,train
h_212_1.wav,happy,1.65,Він гарний,106,train
h_213_1.wav,happy,1.65,Він гарний.,106,train
h_214_1.wav,happy,4.06,"Хочеться увесь день стрибати, святкувати.",122,train
h_215_1.wav,happy,1.41,Я знайшов.,51,train
h_216_1.wav,happy,1.33,Ти йому подобаєшся,15,test
h_217_1.wav,happy,2.76,"Ну, знаєте, я вже бачу, як якась халепа, і він завжди поряд.",122,train
h_218_1.wav,happy,1.78,"Ти сяєш, коли про нього говориш.",350,train
h_219_1.wav,happy,2.52,"Ти б зараз бачила, як ти либишся, Вікусь.",71,train
h_220_1.wav,happy,2.31,"Знала, він реально нормальний мужик.",346,train
h_221_1.wav,happy,1.09,І вам гарного дня.,112,train
h_222_1.wav,happy,2.0,Добре,49,train
h_223_1.wav,happy,3.48,"Мені здається, що я вперше в житті порушила правила.",122,train
h_224_1.wav,happy,1.06,Прекрасна новина.,60,train
h_225_1.wav,happy,2.99,"Такий просто капздєц-холодєц, що.",48,train
h_226_1.wav,happy,0.9,А ти що?,124,test
h_227_1.wav,happy,1.51,Яку дурню?,81,test
h_228_1.wav,happy,2.44,А Мішка не знає поки що.,55,train
h_229_1.wav,happy,1.17,Іннуська.,60,train
h_230_1.wav,happy,2.96,"Маман, дозвольте налити.",280,train
n_001_0.wav,neutral,1.31,із десяти останніх років,88,train
n_002_0.wav,neutral,1.82,Я оператор БПЛА.,379,train
n_003_0.wav,neutral,2.54,"Я завжди переживаю, коли ви трошки п'яні.",129,train
n_004_0.wav,neutral,0.96,На тебе хтось сів,190,train
n_005_1.wav,neutral,1.87,Ти займаєшся улюбленою справою,309,train
n_006_1.wav,neutral,1.02,Мене звати Вікторія.,135,train
n_007_1.wav,neutral,1.91,Зараз чотири.,5,train
n_008_1.wav,neutral,1.64,Каті 23 роки.,219,test
n_009_1.wav,neutral,1.75,Я навчаюсь в нашому національному.,180,train
n_010_1.wav,neutral,1.58,Місяць приблизно 5 тисяч.,180,train
n_011_0.wav,neutral,1.62,групи раннього розвитку.,209,train
n_012_1.wav,neutral,1.55,У вас дуже багато книжок.,315,train
n_013_0.wav,neutral,1.92,Яка ситуація навколо,0,test
n_014_0.wav,neutral,1.66,піти лише на користь батькам.,0,test
n_015_0.wav,neutral,2.18,"у різні теми виховання дитини, може",0,test
n_016_0.wav,neutral,2.18,Це може ускладнювати комунікацію з іншими.,0,test
n_017_0.wav,neutral,2.36,та заважає будувати нові стосунки.,0,test
n_018_0.wav,neutral,1.28,Вона матиме проблеми.,0,test
n_019_0.wav,neutral,2.69,Жінка має через власні травми та життєві невдачі.,0,test
n_020_0.wav,neutral,2.3,залишити дітей у безпечнішому місці.,0,test
n_021_0.wav,neutral,1.97,зрозумілий материнський крок.,0,test
n_022_0.wav,neutral,1.92,Задовільнити бажання.,0,test
n_023_0.wav,neutral,3.22,треба задовільнити бажання дитини.,0,test
n_024_0.wav,neutral,3.23,Їй не вистачає вашої уваги.,0,test
n_025_1.wav,neutral,2.53,"В мене доньки 17,5 років.",37,train
n_026_0.wav,neutral,1.63,керуватися інтересам дитини.,322,train
n_027_0.wav,neutral,1.79,Дитина має зупиняти.,0,test
n_028_0.wav,neutral,1.69,Ви не повинні засуджувати.,0,test
n_029_0.wav,neutral,1.81,І Саша 37.,0,test
n_030_0.wav,neutral,1.48,Це ніколи не відмовляло.,249,train
n_031_1.wav,neutral,1.75,Ти можеш побудувати життя?,33,train
n_032_0.wav,neutral,1.89,Переходимо до другої частини.,0,test
n_033_0.wav,neutral,1.23,Це частина розвідки.,0,test
n_034_1.wav,neutral,2.05,Я і моїх троє сестер.,33,train
n_035_1.wav,neutral,2.28,Питання стосовно навчання.,130,test
n_036_0.wav,neutral,2.11,На основі ваших заяв.,47,train
n_037_0.wav,neutral,2.05,чимало заборонених для них речей.,0,test
n_038_0.wav,neutral,2.43,"Тож, в такі моменти не варто здіймати гвалт.",0,test
n_039_0.wav,neutral,1.96,Покарання в четвертому раунді.,47,train
n_040_1.wav,neutral,2.48,Буквально на другому місяці участі в проекті.,245,train
n_041_0.wav,neutral,1.64,"На жаль, коли батьки хочуть,",0,test
n_042_0.wav,neutral,1.92,Це проблеми з узагальненням.,0,test
n_043_1.wav,neutral,2.18,Він цим гордиться.,78,train
n_044_0.wav,neutral,1.64,Садочок не є обов'язковим.,3,train
n_045_0.wav,neutral,1.79,"Два зубчики часнику, ви бачите.",153,train
n_046_1.wav,neutral,2.09,В мене є до вас запитання.,140,train
n_047_1.wav,neutral,0.9,Люби маму.,276,train
n_048_1.wav,neutral,1.41,Мені було 27 років,100,train
n_049_0.wav,neutral,1.65,Права рука синє.,27,train
n_050_0.wav,neutral,1.28,10 у Даші,368,test
n_051_0.wav,neutral,2.28,"на вулиці, там, коли є друзі",94,test
n_052_0.wav,neutral,1.09,10 балів вам,302,test
n_053_0.wav,neutral,2.19,настрій був веселим та невимушеним.,98,train
n_054_0.wav,neutral,2.07,"А ви з сестрою живете теж, ну, разм?",79,train
n_055_0.wav,neutral,2.65,А ти плануєш далі ще працювати в цій сфері?,98,train
n_056_0.wav,neutral,2.48,Для тебе ще я підготував невеличкий подарунок.,98,train
n_057_0.wav,neutral,2.55,Ти була тією з ким я найбільше зблизився,98,train
n_058_1.wav,neutral,2.99,Розмова пішла якось в дуже таку цікаву струю.,29,train
n_059_1.wav,neutral,2.92,"Можливо, вона так, е-е, фліртує.",142,train
n_060_1.wav,neutral,2.34,"Вона більш досвідчена. Вона,",142,train
n_061_1.wav,neutral,2.93,ти постійно в різних якихось таких прикольних шкарпетках кольорових.,230,train
n_062_1.wav,neutral,1.96,Два дня була вже в лікарні.,141,test
n_063_1.wav,neutral,2.51,Так. Два дня була вже в лікарні.,141,test
n_064_1.wav,neutral,2.04,"Може поговоримо про побачення, про вчорашнє?",230,train
n_065_1.wav,neutral,1.39,"Ну, бо ти мені подобаєшся.",5,train
n_066_0.wav,neutral,2.7,"І сподіваюсь, що ми цей тиждень проведемо разом дуже гарно.",98,train
n_067_0.wav,neutral,1.66,Бачу радість на її обличчі.,98,train
n_068_0.wav,neutral,1.9,"Здається, перейшли на якусь іншу тему навіть.",98,train
n_069_0.wav,neutral,3.16,"Я відповів на запитання і ми, здається, перейшли на якусь іншу тему, навіть",98,train
n_070_1.wav,neutral,1.97,Мені хотілося бути максимально щирою.,89,train
n_071_1.wav,neutral,3.12,"Я тоді дуже багато працювала, не знала просто, що я вагітна.",89,train
n_072_1.wav,neutral,1.52,"Не знала просто, я вагітна.",89,train
n_073_1.wav,neutral,2.9,Але цікаво взагалі послухати його про цю тему.,89,train
n_074_1.wav,neutral,2.72,Тоді я на багато речей можу закрити очі.,29,train
n_075_1.wav,neutral,1.39,Я трошки переживала.,146,train
n_076_1.wav,neutral,2.68,"О, мені бо років 14-13.",17,train
n_077_1.wav,neutral,3.54,Я останні роки не святкую свій день народження.,146,train
n_078_0.wav,neutral,2.8,Мені сподобалась твоя пропозиція на відеозверненні.,98,train
n_079_0.wav,neutral,2.42,Я пропоную тобі лишитись ще завтра в Львові.,98,train
n_080_0.wav,neutral,2.92,"Зрозуміло, що була проблема, яку потрібно вирішити.",98,train
n_081_0.wav,neutral,4.34,"В тебе є якісь, е-е, такі зменшувально-пестливі слова, які тобі подобаються?",178,train
n_082_0.wav,neutral,2.28,Ми зобов'язані робити ці зміни.,98,train
n_083_1.wav,neutral,1.48,В мене було дуже багато проблем.,63,train
n_084_1.wav,neutral,1.84,Вітаю вас в Івано-Франківську.,137,train
n_085_1.wav,neutral,2.47,"Походу Давид там буде лежати, а не я",118,train
n_086_1.wav,neutral,2.63,Там вже кілограм 12 було,118,train
n_087_0.wav,neutral,0.97,Мені вже стало жарко.,242,train
n_088_0.wav,neutral,2.24,зробити все дійсно прикольно і класно.,242,train
n_089_0.wav,neutral,2.4,Теж хотів спробувати відкрити хоч раз хоч одну скриньку.,242,train
n_090_0.wav,neutral,0.91,Заробляємо обоє.,16,train
n_091_0.wav,neutral,1.83,"Вона просто більше заробляє, я менше.",16,train
n_092_0.wav,neutral,2.85,"Я часто їжджу блаблакаром, тоже своєю машиною.",16,train
n_093_0.wav,neutral,2.14,Стояв хлопчина вже постарше.,35,train
n_094_0.wav,neutral,2.89,"Бачу, хлопчина молодий, з телефоном стоїть.",35,train
n_095_0.wav,neutral,2.67,"На відпочинок, де ми тільки удвох, без зв'язку.",352,train
n_096_0.wav,neutral,1.54,"Ти дуже гарна, мила.",123,train
n_097_0.wav,neutral,3.35,"абсолютно всі деталі запам'ятав, того, що для мене це реально була подія.",92,train
n_098_0.wav,neutral,4.16,"І я просто не не розумів, що мені сказати, того що цих причин було дофіга.",92,train
n_099_0.wav,neutral,1.76,Вона боїться закритого простору,92,train
n_100_0.wav,neutral,1.48,Вона мені це постійно говорила.,92,train
n_101_0.wav,neutral,1.66,"Я був певний, що вона дасть відповідь.",226,train
n_102_0.wav,neutral,1.49,ми з нею про це спілкувалися,77,train
n_103_1.wav,neutral,1.89,Все ж таки треба йти до кінця.,33,train
n_104_1.wav,neutral,4.39,Все ж таки треба йти до кінця і хоча би спробувати з ним порозумітися.,33,train
n_105_1.wav,neutral,1.64,Але був дуже крутий зоровий контакт.,5,train
n_106_1.wav,neutral,2.82,Я була в ходила в цих пластмасових корсетах.,142,train
n_107_0.wav,neutral,1.87,"Вибач, мені не тяжко вже казати.",98,train
n_108_0.wav,neutral,4.62,"Ти дійсно прекрасна і чудова дівчина, неймовірно красива, неймовірно розумна.",98,train
n_109_0.wav,neutral,2.65,Я тобі теж бажаю знайти дійсно своє кохання.,98,train
n_110_0.wav,neutral,3.07,"Я взяв з собою натальну карту, яку ти мені подарувала.",98,train
n_111_0.wav,neutral,1.16,А яка завтра в тебе мета?,113,train
n_112_0.wav,neutral,2.66,Я вже готовий розпочати церемонію троянд.,98,train
n_113_0.wav,neutral,2.51,Мені подобаються твої прагнення до змін.,98,train
n_114_0.wav,neutral,3.38,"Сьогодні зустрічаю одну з дівчат, яка на жаль не доїхала на першу вечірку.",98,train
n_115_0.wav,neutral,3.37,"Тому, якщо ти не проти, я пропоную тобі трішечки відпочити перед цим.",98,train
n_116_0.wav,neutral,0.87,"Так, тут обережно",98,train
n_117_0.wav,neutral,1.31,Трішки слизько після дощу,98,train
n_118_0.wav,neutral,2.24,"коли не було за що схопитись, в принципі.",98,train
n_119_0.wav,neutral,2.02,"Ну, ти, молодець, здивувала мене реально сьогодні.",98,train
n_120_0.wav,neutral,3.68,"Мені сподобалася Інна. Я почував себе затишно, приємно.",98,train
n_121_0.wav,neutral,3.07,Вона підняла досить таки серйозні теми своїх травм.,98,train
n_122_0.wav,neutral,2.18,"Для неї це болюча тема, і точно.",98,train
n_123_0.wav,neutral,2.55,"А, я думаю, варіант Б, ти поїхав в іншу країну.",178,train
n_124_0.wav,neutral,3.48,"Як там кажуть, найтяжче казати слово ""Вибач"" і ""Кохаю"", напевно.",98,train
n_125_1.wav,neutral,2.68,Вона протікає в нас по спині.,11,train
n_126_1.wav,neutral,3.0,"Я побачила легеньке здивування спочатку, типу на його обличчі.",384,train
n_127_0.wav,neutral,2.82,Я вирішив також залучити дівчат до цього збору.,98,train
n_128_0.wav,neutral,1.73,"Анастасія, представ, будь ласка, свій лот",298,train
n_129_0.wav,neutral,2.63,"Радий, що наше побачення було найкращим для тебе.",98,train
n_130_1.wav,neutral,1.51,"Давайте, будемо чекати дівчат.",230,train
n_131_1.wav,neutral,2.28,якраз там 10 десь років до 16-17.,67,train
n_132_0.wav,neutral,2.69,Для зведення до квадратного рівняння за дужки.,330,train
n_133_0.wav,neutral,1.84,"Потрібно винести, множник",330,train
n_134_0.wav,neutral,1.65,почали обробку спусків,369,train
n_135_1.wav,neutral,2.18,Ця програма відкриє нові можливості.,216,train
n_136_1.wav,neutral,1.54,нові можливості для людей.,216,train
n_137_1.wav,neutral,2.32,і за її допомогою більше громадян.,216,train
n_138_0.wav,neutral,1.82,має дорівнювати 70.,217,train
n_139_1.wav,neutral,2.56,"ми якраз і розуміємо, чому Радянський Союз",52,train
n_140_1.wav,neutral,1.79,Чому так зростають військові витрати?,52,train
n_141_1.wav,neutral,1.79,Ми пам'ятаємо з вами.,52,train
n_142_0.wav,neutral,2.69,по мірі прогрівання стінок цієї колби.,331,train
n_143_0.wav,neutral,1.79,прогрівається і газ.,331,train
n_144_1.wav,neutral,2.3,Роки письменниця провела,165,test
n_145_1.wav,neutral,1.79,"І ось та природа, які, яка є.",165,test
n_146_1.wav,neutral,2.56,"А ми обговоримо той документ, який був переданий.",294,train
n_147_1.wav,neutral,2.3,і творив про саме життя.,268,train
n_148_1.wav,neutral,2.3,"Норм, вже завтра відновити роботу.",287,train
n_149_1.wav,neutral,2.97,зможуть 872 продовольчі ринки.,287,train
n_150_1.wav,neutral,2.82,"чотири, розчин блакитний.",115,train
n_151_1.wav,neutral,2.0,і додаємо луг натріо.,115,train
n_152_1.wav,neutral,2.69,Артем Чех пішов на фронт.,268,train
n_153_1.wav,neutral,2.64,Він написав збірку есеїв. Точка.,268,train
n_154_1.wav,neutral,3.07,Ви можете утворити форму пані-вівчар,175,train
n_155_1.wav,neutral,2.05,Іменника чоловічого роду вівчар.,175,train
n_156_1.wav,neutral,1.95,Отримаємо 13.,149,train
n_157_0.wav,neutral,1.63,"Мене просять нагадати, чому.",172,train
n_158_0.wav,neutral,2.3,"Друзі, а в мене, по-перше,",172,train
n_159_1.wav,neutral,2.43,Береза плаче тихими слізьми.,222,test
n_160_1.wav,neutral,1.71,"А ми, ті сльози,",222,test
n_161_1.wav,neutral,1.28,"Юрій Гарасько, каже.",111,train
n_162_0.wav,neutral,2.3,трикутник має площу 1/2 *,205,train
n_163_0.wav,neutral,1.92,на сторону два,205,train
n_164_1.wav,neutral,2.87,панувала у середньовіччі. Навіть,126,train
n_165_1.wav,neutral,2.94,Теорія самозародження панувала у,126,train
n_166_0.wav,neutral,2.69,Є книга Светланы Алексиевич про Чорнобиль.,152,train
n_167_1.wav,neutral,2.05,Вихідні встановив такі курси валют.,136,train
n_168_1.wav,neutral,2.94,Долар коштує 26 грн 19 копійок.,136,train
n_169_1.wav,neutral,3.02,Офіційний курс євро на сьогодні 31 грн.,136,train
n_170_1.wav,neutral,2.69,"А, у справі про узурпацію влади.",72,train
n_171_1.wav,neutral,1.41,ми хочемо сказати.,182,train
n_172_0.wav,neutral,1.92,вивчали види підрядних частин.,116,train
n_173_0.wav,neutral,2.56,Три основні види підрядних частин.,116,train
n_174_0.wav,neutral,1.66,Це перша професійна освіта.,169,train
n_175_0.wav,neutral,1.92,"зрозуміти, що слухають навколо можна.",290,train
n_176_0.wav,neutral,2.43,Кольором навушників. Він змінюється залежно від,290,train
n_177_1.wav,neutral,2.05,що не менш важливо зменшити суму,51,train
n_178_1.wav,neutral,2.05,грошової застави для кандидатів.,128,train
n_179_0.wav,neutral,2.05,"Справа в тому, що зараз в",367,train
n_180_0.wav,neutral,1.34,новим виборчим кодексом.,367,train
n_181_0.wav,neutral,2.18,Президент Віктор Янукович втік з країни.,95,train
n_182_0.wav,neutral,1.65,відбулася зміна влади.,95,train
n_183_0.wav,neutral,1.92,"значний успіх, тому що",76,train
n_184_0.wav,neutral,2.82,За два роки планомірних наукових досліджень.,76,train
n_185_0.wav,neutral,1.25,"Княжої гори, біля міста.",76,train
n_186_1.wav,neutral,2.1,Словосполучення сірий птах.,50,train
n_187_0.wav,neutral,2.82,Пішоходів повинні багато годин чекати на блокпосту.,169,train
n_188_0.wav,neutral,2.56,Час від часу трапляються навіть смертельні випадки.,169,train
n_189_1.wav,neutral,2.3,"Давайте подивимося, скільки часу пройшло.",111,train
n_190_1.wav,neutral,2.3,"грами, або 396.",111,train
n_191_1.wav,neutral,2.43,"міліграмів. Давайте подивимося, скільки часу.",111,train
n_192_1.wav,neutral,2.94,"вуличних заворушень, тут загинуло 48 людей.",168,train
n_193_1.wav,neutral,2.43,Більшість у пожежі в будинку профспілок.,168,train
n_194_0.wav,neutral,1.82,"Ми, безумовно, будемо",159,train
n_195_0.wav,neutral,1.6,Що вона ні в чому не винна,10,test
n_196_0.wav,neutral,1.3,дуже довго того чекаємо.,10,test
n_197_0.wav,neutral,2.9,"Наталі поділилася, що вона вагітна.",10,test
n_198_0.wav,neutral,1.27,зняла це все на відео,10,test
n_199_1.wav,neutral,1.99,Реакції тіла збігаються.,67,train
n_200_1.wav,neutral,2.66,"і з тим, чого насправді хоче людина.",67,train
n_201_1.wav,neutral,2.91,"або із тим, чого би вона хотіла.",67,train
n_202_1.wav,neutral,3.37,"Е, я пам'ятаю 50 відтінків сірого.",67,train
n_203_1.wav,neutral,2.39,"Біль - це завжди дзвіночок про те, що щось іде не так.",67,train
n_204_1.wav,neutral,1.73,зупинитися. Варто почекати.,67,train
n_205_1.wav,neutral,3.01,"Можливо, перенести. Можливо, спробувати по-іншому.",67,train
n_206_1.wav,neutral,2.55,в тебе змінюється робота там сильних залуз.,67,train
n_207_1.wav,neutral,2.55,"саме в цей період, ну, підходять.",67,train
n_208_1.wav,neutral,2.52,"Будете навчатись в університеті, у вас пройдуть прищі",67,train
n_209_1.wav,neutral,1.14,хлопчиків також вакцинують.,67,train
n_210_1.wav,neutral,2.75,"І для захисту себе, тому що все ж таки там",67,train
n_211_1.wav,neutral,2.75,"в подальшому там через 10 років може заверти, ну завершитись.",67,train
n_212_0.wav,neutral,4.25,просто несамовито займаються коханням в потоці.,77,train
n_213_0.wav,neutral,1.24,"формується, вот сучасна.",9,test
n_214_0.wav,neutral,1.06,Від попередніх поколінь.,9,test
n_215_0.wav,neutral,2.28,Я переймаю від різних.,77,train
n_216_0.wav,neutral,1.48,да я CEO,56,test
n_217_0.wav,neutral,1.94,буквально на цьому тижні.,56,test
n_218_0.wav,neutral,1.76,запустилась нова компанія.,56,test
n_219_0.wav,neutral,1.82,"займався запускам, і буду продовжувати.",88,train
n_220_0.wav,neutral,2.04,стильний і якісний мерч з креативним підходом,56,test
n_221_0.wav,neutral,1.98,"можливо, можливо.",198,train
a_225_0.wav,angry,1.96,Замовч я тобі кажу. Всьо.,398,train
a_226_0.wav,angry,2.43,"Мовчи, вкладай малу спати.",392,test
a_227_0.wav,angry,3.15,"Ну то що? Говори, я до всього готовий.",392,test
a_228_1.wav,angry,2.33,Бий! Хоч вбий!,396,train
a_229_0.wav,angry,1.94,Замовч.,392,test
a_230_0.wav,angry,2.55,"Побійтеся Бога, як вам не соромно.",392,test
s_206_0.wav,sad,3.79,"Нічого, розберемося",389,train
a_231_0.wav,angry,2.45,"Розумієш, повинен. Інакше хто я такий буду?",389,train
a_232_0.wav,angry,2.55,Повинен помститися цим гадам.,389,train
a_233_0.wav,angry,3.83,Працював тяжко. Нікого не чіпав.,398,train
a_234_0.wav,angry,4.02,А от вони прийшли до мене і скривдили. За що?,398,train
a_235_0.wav,angry,2.59,"А то ж із землі вигнали, як собаку.",398,train
a_236_0.wav,angry,2.22,Хіба можна в такий день?,390,train
a_237_0.wav,angry,2.85,Хата твоя горить! Пожар настоящий.,392,test
s_207_0.wav,sad,2.15,Моя Таня,391,train
a_238_0.wav,angry,1.85,А Олену зі світу звести не гріх?,392,test
a_239_0.wav,angry,2.33,Їх уже немає. А живим жити.,391,train
a_240_0.wav,angry,1.55,"Я батько, кажи?",385,train
a_241_0.wav,angry,2.58,"Та не знаю я, я не знаю.",391,train
s_208_1.wav,sad,2.45,"Ви люди, чи не люди?",387,train
s_209_1.wav,sad,2.0,Та й зник.,387,train
s_210_1.wav,sad,2.43,"А я не хотіла, щоб він синів брав.",387,train
a_242_1.wav,angry,0.99,Ну стій кажу.,397,train
a_243_1.wav,angry,0.99,А мені не треба знати,397,train
h_231_1.wav,happy,2.32,Та не сміши мене,393,test
a_244_0.wav,angry,1.26,І всі рівні будуть.,391,train
a_245_0.wav,angry,1.03,Аби був результат.,385,train
a_246_1.wav,angry,0.8,Тихо будь.,396,train
h_232_1.wav,happy,2.45,Звідки?,397,train
h_233_0.wav,happy,2.58,"Тетяночко, ну яка ти стала.",399,train
h_234_1.wav,happy,1.66,Як ж я тебе давно не бачила,397,train
h_235_0.wav,happy,2.99,"Бачу, в тебе не тільки животик, а й ще дещо виросло.",399,train
h_236_1.wav,happy,2.68,"Мій брат, Федір, я ж, я ж тобі про нього розповідала.",397,train
h_237_1.wav,happy,1.9,Найкраща моя подруга тут.,397,train
a_247_0.wav,angry,2.25,Ану давай без оцих словечок,392,test
a_248_1.wav,angry,0.83,Ви що робите?,390,train
a_249_1.wav,angry,1.45,Ви отруїти його хочете?,390,train
a_250_0.wav,angry,1.86,"Може, не моя, зате жива.",385,train
s_211_1.wav,sad,1.25,Куди ти йдеш?,386,test
s_212_1.wav,sad,0.79,Ти сам один,386,test
s_213_1.wav,sad,1.3,Залишайся зі мною,386,test
s_214_1.wav,sad,2.16,Почекай може стерпиться-злюбиться,386,test
s_215_0.wav,sad,0.85,Спробуєш?,399,train
a_251_1.wav,angry,1.43,Що так і підеш?,397,train
a_252_1.wav,angry,1.22,Навіть мені не допоможеш?,397,train
h_238_0.wav,happy,1.27,Тут мені не страшний,399,train
s_216_1.wav,sad,1.35,В мене немає грошей,393,test
a_253_0.wav,angry,2.12,"Моя робота полягає в тому, щоб знайти всі",388,train
a_254_0.wav,angry,1.35,"Тим паче, відомі",388,train
a_255_0.wav,angry,2.0,А вона постійно в тіктоку сидить.,388,train
a_256_0.wav,angry,0.86,Що не так?,388,train
h_239_0.wav,happy,1.02,Точно,388,train
a_257_1.wav,angry,1.64,Ну що ти професіонал,393,test
a_258_1.wav,angry,1.07,Жодних зауважень.,393,test
s_217_1.wav,sad,2.16,Через мене ми втратили нашу дитину,393,test
s_218_1.wav,sad,1.39,Це все моя привина,393,test
s_219_1.wav,sad,2.04,Штучної стимуляції чого?,393,test
s_220_1.wav,sad,1.99,Моя дитина померла.,393,test
s_221_1.wav,sad,2.2,Я я не так планувала народжувати,393,test
s_222_1.wav,sad,1.33,"Ти щось скажеш, Дім?",393,test
h_240_0.wav,happy,2.5,без жодної голівудської сцени. Це успіх.,388,train
h_241_1.wav,happy,0.94,На двох?,395,train
n_222_0.wav,neutral,1.19,Я думав ти спиш,394,train
s_223_1.wav,sad,2.69,"Вже добу не спала, і не знаю, колись зможу знову.",393,test
s_224_0.wav,sad,1.2,"А я не знаю, що",394,train
s_225_1.wav,sad,1.12,"Знову, ти мовчиш",393,test
s_226_1.wav,sad,2.09,Але замість дитячого крику я,393,test
h_242_0.wav,happy,2.65,Ти переоцінюєш можливості продюсера,388,train
h_243_0.wav,happy,1.32,Ну що ти як маленька,388,train
a_259_1.wav,angry,1.05,А мені не потрібні всі.,393,test
s_227_1.wav,sad,1.85,Ну чо ти мене заспокоюєш?,393,test
h_244_0.wav,happy,3.04,Все ще тримаєш на мене зуб,388,train
